,index,query,value,date,operator
0,0,سردار سلیمانی,71150,2020-01-01,ایرانسل
1,1,آهنگ پیشواز سردار سلیمانی ایرانسل,30000,2020-01-01,ایرانسل
2,2,طریقه وارد کردن شارژ ایرانسل,16250,2020-01-01,ایرانسل
3,3,نحوه فعال سازی اینترنت ایرانسل,14600,2020-01-01,ایرانسل
4,4,لغو بسته اینترنت ایرانسل,11400,2020-01-01,ایرانسل
5,5,سامانه ۸۰۰ ایرانسل,6450,2020-01-01,ایرانسل
6,6,کد لغو تبلیغات ایرانسل,4300,2020-01-01,ایرانسل
7,7,اینترنت به صرفه ایرانسل,300,2020-01-01,ایرانسل
8,8,خرید نت ایرانسل,250,2020-01-01,ایرانسل
9,9,کد وارد کردن شارژ ایرانسل,190,2020-01-01,ایرانسل
10,10,پرداخت قبض موبایل ایرانسل,170,2020-01-01,ایرانسل
11,11,حذف تبلیغات ایرانسل,160,2020-01-01,ایرانسل
12,12,کد استعلام شارژ ایرانسل,130,2020-01-01,ایرانسل
13,13,تنظیم اینترنت ایرانسل,130,2020-01-01,ایرانسل
14,14,طریقه انتقال شارژ ایرانسل,130,2020-01-01,ایرانسل
15,15,بانک ملت,130,2020-01-01,ایرانسل
16,16,روش انتقال اینترنت ایرانسل,120,2020-01-01,ایرانسل
17,17,انتقال شارژ همراه اول به ایرانسل,110,2020-01-01,ایرانسل
18,18,تست سرعت اینترنت,110,2020-01-01,ایرانسل
19,19,شماره تماس با اپراتور ایرانسل,110,2020-01-01,ایرانسل
20,20,تبدیل سیم کارت اعتباری ایرانسل به دائمی,100,2020-01-01,ایرانسل
21,21,انتقال شارژ ایرانسل به ایرانسل,100,2020-01-01,ایرانسل
22,22,تست سرعت اینترنت ایرانسل,80,2020-01-01,ایرانسل
23,23,irancell.ir,70,2020-01-01,ایرانسل
24,24,ارتباط با ایرانسل,70,2020-01-01,ایرانسل
25,0,اینترنت داخلی چیست,16150,2020-02-01,ایرانسل
26,1,بسته های اینترنت ایرانسل نامحدود ماهانه,8350,2020-02-01,ایرانسل
27,2,varzesh3,7750,2020-02-01,ایرانسل
28,3,دانلود تلگرام ایکس برای ایرانسل,7550,2020-02-01,ایرانسل
29,4,نحوه خرید بسته اینترنتی ایرانسل,6350,2020-02-01,ایرانسل
30,5,نتایج زنده,5750,2020-02-01,ایرانسل
31,6,گفتگوی آنلاین ایرانسل,3250,2020-02-01,ایرانسل
32,7,بسته بین المللی ایرانسل چیست,750,2020-02-01,ایرانسل
33,8,ایرانسل من برای ایفون,650,2020-02-01,ایرانسل
34,9,اینترنت بین المللی ایرانسل,650,2020-02-01,ایرانسل
35,10,سهام عدالت,550,2020-02-01,ایرانسل
36,11,كد وارد كردن رمز شارژ ایرانسل,400,2020-02-01,ایرانسل
37,12,دانا ایرانسل,300,2020-02-01,ایرانسل
38,13,اینترنت بین الملل ایرانسل چیست,250,2020-02-01,ایرانسل
39,14,بسته های اینترنتی ایرانسل,150,2020-02-01,ایرانسل
40,15,کد بسته های اینترنت ایرانسل ماهانه,150,2020-02-01,ایرانسل
41,16,دانلود نرم افزار ایرانسل من,140,2020-02-01,ایرانسل
42,17,اشتراک رایگان فیلیمو ایرانسل,130,2020-02-01,ایرانسل
43,18,کد مکالمه رایگان ایرانسل,120,2020-02-01,ایرانسل
44,19,گرفتن شارژ اضطراری ایرانسل,120,2020-02-01,ایرانسل
45,20,لغو پیامک تبلیغاتی ایرانسل,120,2020-02-01,ایرانسل
46,21,کد موجودی ایرانسل,110,2020-02-01,ایرانسل
47,22,پیش شماره های ایرانسل,110,2020-02-01,ایرانسل
48,23,انتقال اعتبار ایرانسل,100,2020-02-01,ایرانسل
49,24,شاپ ایرانسل,100,2020-02-01,ایرانسل
50,0,۱۰۰ گیگ اینترنت ایرانسل,166900,2020-03-01,ایرانسل
51,1,۱۰۰ گیگ اینترنت رایگان ایرانسل,137850,2020-03-01,ایرانسل
52,2,100 گیگ اینترنت رایگان,83700,2020-03-01,ایرانسل
53,3,100 گیگ اینترنت رایگان ایرانسل,80700,2020-03-01,ایرانسل
54,4,عیدی همراه اول,79400,2020-03-01,ایرانسل
55,5,عیدانه ایرانسل,75750,2020-03-01,ایرانسل
56,6,عیدی ایرانسل ۹۹,65700,2020-03-01,ایرانسل
57,7,بسته ۱۰۰ گیگ اینترنت ثابت رایگان ایرانسل,61000,2020-03-01,ایرانسل
58,8,صد گیگ اینترنت رایگان ایرانسل,36650,2020-03-01,ایرانسل
59,9,عیدی همراه اول ۹۹,36500,2020-03-01,ایرانسل
60,10,شماره اینترنت ثابت ایرانسل,35300,2020-03-01,ایرانسل
61,11,عیدی ایرانسل 99,29150,2020-03-01,ایرانسل
62,12,۱۰۰گیگ اینترنت رایگان ایرانسل,29050,2020-03-01,ایرانسل
63,13,کد عیدانه ایرانسل,20100,2020-03-01,ایرانسل
64,14,کد اینترنت رایگان همراه اول 99,13400,2020-03-01,ایرانسل
65,15,بالا بردن سرعت اینترنت ایرانسل,11650,2020-03-01,ایرانسل
66,16,کد عیدی ایرانسل 99,11600,2020-03-01,ایرانسل
67,17,کد هدیه تولد ایرانسل,11200,2020-03-01,ایرانسل
68,18,کد ۱۰۰ گیگ اینترنت رایگان ایرانسل,11100,2020-03-01,ایرانسل
69,19,شماره اینترنت ثابت چیست,10650,2020-03-01,ایرانسل
70,20,چطوری اینترنت رایگان بگیریم ایرانسل,8700,2020-03-01,ایرانسل
71,21,20 گیگ اینترنت رایگان ایرانسل,8300,2020-03-01,ایرانسل
72,22,دانلود ایرانسل من با لینک مستقیم,7650,2020-03-01,ایرانسل
73,23,70 گیگ اینترنت رایگان ایرانسل,7400,2020-03-01,ایرانسل
74,24,خرید بسته اینترنت ایرانسل برای دیگران,6750,2020-03-01,ایرانسل
75,0,ثبت نام ایرانسل رایگان,229250,2020-04-01,ایرانسل
76,1,ثبت نام سیم کارت رایگان ایرانسل,190150,2020-04-01,ایرانسل
77,2,ثبت نام سیم کارت همراه اول رایگان,71350,2020-04-01,ایرانسل
78,3,ثبت نام سیمکارت رایگان ایرانسل,36950,2020-04-01,ایرانسل
79,4,سیم کارت رایگان رایتل,35050,2020-04-01,ایرانسل
80,5,خرید سیم کارت رایگان همراه اول,33550,2020-04-01,ایرانسل
81,6,خرید آنلاین سیم کارت ایرانسل,27900,2020-04-01,ایرانسل
82,7,ثبت نام اینترنتی سیم کارت ایرانسل,23950,2020-04-01,ایرانسل
83,8,سایت ثبت نام سیم کارت ایرانسل,21850,2020-04-01,ایرانسل
84,9,سیم کارت اولی ایرانسل,20700,2020-04-01,ایرانسل
85,10,سیمکارت ایرانسل سرپرست خانوار,20700,2020-04-01,ایرانسل
86,11,پیگیری سیم کارت ایرانسل رایگان,17850,2020-04-01,ایرانسل
87,12,کارگزاری مفید,8150,2020-04-01,ایرانسل
88,13,shop.mci.ir,7650,2020-04-01,ایرانسل
89,14,چگونه بفهمیم سیم کارت ایرانسل به نام کیست,7600,2020-04-01,ایرانسل
90,15,shop.irancell,7200,2020-04-01,ایرانسل
91,16,ایران جیب,7000,2020-04-01,ایرانسل
92,17,digikala,6100,2020-04-01,ایرانسل
93,18,ثبت نام کتاب درسی,5850,2020-04-01,ایرانسل
94,19,ثبت نام سیم کارت همراه اول,4500,2020-04-01,ایرانسل
95,20,کارگزاری آگاه,4500,2020-04-01,ایرانسل
96,21,فعال سازی سیم کارت ایرانسل خریداری شده,3450,2020-04-01,ایرانسل
97,22,ثبت نام سیم کارت ایرانسل,3300,2020-04-01,ایرانسل
98,23,ثبت سیم کارت ایرانسل,3150,2020-04-01,ایرانسل
99,24,سیم کارت رایگان همراه اول,2500,2020-04-01,ایرانسل
100,0,ثبت نام ایران خودرو,35300,2020-05-01,ایرانسل
101,1,ایرانخودرو,15200,2020-05-01,ایرانسل
102,2,سایت ایران خودرو,13600,2020-05-01,ایرانسل
103,3,امتا,12000,2020-05-01,ایرانسل
104,4,تنظیمات دستی اینترنت ایرانسل,9450,2020-05-01,ایرانسل
105,5,اپلیکیشن لنز ایرانسل,7700,2020-05-01,ایرانسل
106,6,فال حافظ,2550,2020-05-01,ایرانسل
107,7,ثبت نام خودرو,1300,2020-05-01,ایرانسل
108,8,ایران خودرو,750,2020-05-01,ایرانسل
109,9,دانلود لنز ایرانسل,700,2020-05-01,ایرانسل
110,10,سهام عدالت,350,2020-05-01,ایرانسل
111,11,دانلود ایرانسل من برای ایفون از اپ استور,250,2020-05-01,ایرانسل
112,12,رمز شارژ اضطراری ایرانسل,250,2020-05-01,ایرانسل
113,13,کد اینترنت رایگان ایرانسل 99,200,2020-05-01,ایرانسل
114,14,سجام,200,2020-05-01,ایرانسل
115,15,سایپا,200,2020-05-01,ایرانسل
116,16,لنز ایرانسل,160,2020-05-01,ایرانسل
117,17,خط رند ایرانسل,160,2020-05-01,ایرانسل
118,18,کد دایورت ایرانسل,150,2020-05-01,ایرانسل
119,19,لغو آهنگ پیشواز ایرانسل,140,2020-05-01,ایرانسل
120,20,تغییر نام سیم کارت ایرانسل,120,2020-05-01,ایرانسل
121,21,چگونه سیم کارت ایرانسل را فعال کنیم,120,2020-05-01,ایرانسل
122,22,خرید شارژ همراه اول,110,2020-05-01,ایرانسل
123,23,لغو تمدید خودکار اینترنت ایرانسل,110,2020-05-01,ایرانسل
124,24,تبدیل سیم کارت ایرانسل به 4g,100,2020-05-01,ایرانسل
125,0,خدمات مبتنی بر محتوا ایرانسل,10000,2020-06-01,ایرانسل
126,1,خدمات مبتنی بر محتوا ایرانسل چیست,8200,2020-06-01,ایرانسل
127,2,8 گیگ اینترنت رایگان ایرانسل,7700,2020-06-01,ایرانسل
128,3,شارژ آنلاین ایرانسل,6650,2020-06-01,ایرانسل
129,4,ورزش3,4500,2020-06-01,ایرانسل
130,5,رومینگ ایرانسل,750,2020-06-01,ایرانسل
131,6,اینترنت ثابت ایرانسل چیست,350,2020-06-01,ایرانسل
132,7,دانلود نسخه وب ایرانسل من,350,2020-06-01,ایرانسل
133,8,باقیمانده حجم اینترنت مودم ایرانسل,250,2020-06-01,ایرانسل
134,9,موجودی بسته ایرانسل,250,2020-06-01,ایرانسل
135,10,کد فعال سازی آهنگ پیشواز ایرانسل,250,2020-06-01,ایرانسل
136,11,خرید آنلاین سیم کارت ایرانسل,180,2020-06-01,ایرانسل
137,12,کد بسته های اینترنت ایرانسل ماهانه,170,2020-06-01,ایرانسل
138,13,باقیمانده حجم اینترنت ایرانسل,150,2020-06-01,ایرانسل
139,14,مای ایرانسل وب,140,2020-06-01,ایرانسل
140,15,رمز خرید اینترنت ایرانسل,140,2020-06-01,ایرانسل
141,16,irancell man,120,2020-06-01,ایرانسل
142,17,کدهای دستوری ایرانسل,120,2020-06-01,ایرانسل
143,18,کد انتقال شارژ همراه اول به ایرانسل,110,2020-06-01,ایرانسل
144,19,کد دستوری خرید اینترنت ایرانسل,110,2020-06-01,ایرانسل
145,20,کد مکالمه رایگان ایرانسل,110,2020-06-01,ایرانسل
146,21,کد دایورت ایرانسل,100,2020-06-01,ایرانسل
147,22,سیم کارت اولی ایرانسل,90,2020-06-01,ایرانسل
148,23,کد دوشنبه سوری ایرانسل,90,2020-06-01,ایرانسل
149,24,تغییر رمز مودم ایرانسل,90,2020-06-01,ایرانسل
150,0,سایت ایرانسل خرید بسته,35600,2020-07-01,ایرانسل
151,1,بسته های بلند مدت ایرانسل,23050,2020-07-01,ایرانسل
152,2,سایت رسمی ایرانسل,9650,2020-07-01,ایرانسل
153,3,digikala,4450,2020-07-01,ایرانسل
154,4,فروشگاه آنلاین ایرانسل,4350,2020-07-01,ایرانسل
155,5,اینترنت بلند مدت ایرانسل,1350,2020-07-01,ایرانسل
156,6,خرید بسته های اینترنتی ایرانسل,600,2020-07-01,ایرانسل
157,7,کد بسته های اینترنت ایرانسل ماهانه,550,2020-07-01,ایرانسل
158,8,اینترنت داخلی ایرانسل چیست,350,2020-07-01,ایرانسل
159,9,بسته داخلی ایرانسل چیست,300,2020-07-01,ایرانسل
160,10,5 گیگ اینترنت ایرانسل,300,2020-07-01,ایرانسل
161,11,خط رند ایرانسل,250,2020-07-01,ایرانسل
162,12,نحوه خرید بسته اینترنتی ایرانسل,250,2020-07-01,ایرانسل
163,13,اینترنت یکساله ایرانسل,250,2020-07-01,ایرانسل
164,14,بسته های اینترنتی ایرانسل,250,2020-07-01,ایرانسل
165,15,بسته ماهانه ایرانسل,200,2020-07-01,ایرانسل
166,16,خرید بسته های اینترنت ایرانسل,200,2020-07-01,ایرانسل
167,17,بسته های اینترنت ایرانسل ماهانه,200,2020-07-01,ایرانسل
168,18,دانلود فیلیمو ایرانسل,190,2020-07-01,ایرانسل
169,19,سایت ایرانسل اینترنت,190,2020-07-01,ایرانسل
170,20,وب سایت ایرانسل,170,2020-07-01,ایرانسل
171,21,خرید بسته های ایرانسل,170,2020-07-01,ایرانسل
172,22,بسته های اینترنت ایرانسل,160,2020-07-01,ایرانسل
173,23,شارژ نت ایرانسل,160,2020-07-01,ایرانسل
174,24,ترفند بسته های اینترنت ایرانسل,160,2020-07-01,ایرانسل
175,0,کد پیشواز ایرانسل محرم,54500,2020-08-01,ایرانسل
176,1,هدیه عید غدیر ایرانسل,38800,2020-08-01,ایرانسل
177,2,اهنگ پیشواز محرم,36100,2020-08-01,ایرانسل
178,3,اینترنت رایگان ایرانسل عید غدیر,21050,2020-08-01,ایرانسل
179,4,هدیه ایرانسل به مناسبت عید غدیر,9800,2020-08-01,ایرانسل
180,5,سنجش,9000,2020-08-01,ایرانسل
181,6,هدیه ایرانسل برای عید غدیر,6150,2020-08-01,ایرانسل
182,7,امروز چندمه,5900,2020-08-01,ایرانسل
183,8,کد اینترنت رایگان ایرانسل به مناسبت عید غدیر,3250,2020-08-01,ایرانسل
184,9,عیدی ایرانسل به مناسبت عید غدیر,3200,2020-08-01,ایرانسل
185,10,آهنگ پیشواز محرم ایرانسل,2550,2020-08-01,ایرانسل
186,11,پیشواز محرم,1700,2020-08-01,ایرانسل
187,12,پیشواز محرم ایرانسل,1350,2020-08-01,ایرانسل
188,13,کد هدیه ایرانسل عید غدیر,700,2020-08-01,ایرانسل
189,14,کد غیر فعال سازی رومینگ ایرانسل,250,2020-08-01,ایرانسل
190,15,رومینگ ایرانسل,170,2020-08-01,ایرانسل
191,16,سامانه سعدی,170,2020-08-01,ایرانسل
192,17,سایت ایرانسل خرید بسته اینترنت,160,2020-08-01,ایرانسل
193,18,کد آهنگ پیشواز همراه اول,120,2020-08-01,ایرانسل
194,19,سایت ایرانسل خرید اینترنت,110,2020-08-01,ایرانسل
195,20,کد لغو پیشواز ایرانسل,110,2020-08-01,ایرانسل
196,21,سایت همراه اول,110,2020-08-01,ایرانسل
197,22,کد پیشواز همراه اول,100,2020-08-01,ایرانسل
198,23,آهنگ پیشواز همراه اول,100,2020-08-01,ایرانسل
199,24,کد مکالمه رایگان ایرانسل,100,2020-08-01,ایرانسل
200,0,سیمکارت دانش آموزی ایرانسل,21050,2020-09-01,ایرانسل
201,1,سیمکارت دانش آموزی,18300,2020-09-01,ایرانسل
202,2,اهنگ نیستش قابل دسترس عین خط ایرانسل,12900,2020-09-01,ایرانسل
203,3,آهنگ نیستش قابل دسترس مثل خط ایرانسل,10500,2020-09-01,ایرانسل
204,4,کد دستوری غیر فعال سازی رومینگ ایرانسل,8050,2020-09-01,ایرانسل
205,5,کدهای دستوری ایرانسل,7800,2020-09-01,ایرانسل
206,6,ثبت نام سیم کارت دانش آموزی ایرانسل,7800,2020-09-01,ایرانسل
207,7,دانلود آهنگ نیستش قابل دسترس عین خط ایرانسل,7400,2020-09-01,ایرانسل
208,8,192.168.l.l,6850,2020-09-01,ایرانسل
209,9,دانلود اهنگ نیستش قابل دسترس مثل خط ایرانسل,6050,2020-09-01,ایرانسل
210,10,نام نقطه دستیابی ایرانسل,5650,2020-09-01,ایرانسل
211,11,سیم کارت دانش آموزی ایرانسل,3450,2020-09-01,ایرانسل
212,12,سیم کارت دانش آموزی,2500,2020-09-01,ایرانسل
213,13,نیستش قابل دسترس عین خط ایرانسل,1800,2020-09-01,ایرانسل
214,14,کد غیر فعال سازی رومینگ ایرانسل,600,2020-09-01,ایرانسل
215,15,غیر فعال سازی رومینگ ایرانسل,500,2020-09-01,ایرانسل
216,16,برنامه شاد,400,2020-09-01,ایرانسل
217,17,کد رومینگ ایرانسل,400,2020-09-01,ایرانسل
218,18,8 گیگ اینترنت رایگان ایرانسل,350,2020-09-01,ایرانسل
219,19,کد اینترنت رایگان ایرانسل 99,350,2020-09-01,ایرانسل
220,20,فعال سازی اینترنت دانش اموزی ایرانسل,350,2020-09-01,ایرانسل
221,21,ورزش3,300,2020-09-01,ایرانسل
222,22,غیرفعال سازی رومینگ ایرانسل,300,2020-09-01,ایرانسل
223,23,رومینگ ایرانسل,250,2020-09-01,ایرانسل
224,24,دانلود ایرانسل من با لینک مستقیم,250,2020-09-01,ایرانسل
225,0,کیف دیجیتال ایرانسل چیست,15900,2020-10-01,ایرانسل
226,1,سایت ایران خودرو,12700,2020-10-01,ایرانسل
227,2,گفتگوی آنلاین ایرانسل,12700,2020-10-01,ایرانسل
228,3,وب میل ایرانسل,8400,2020-10-01,ایرانسل
229,4,irancell man,3750,2020-10-01,ایرانسل
230,5,کیف پول دیجیتال ایرانسل,1350,2020-10-01,ایرانسل
231,6,کیف دیجیتال ایرانسل,750,2020-10-01,ایرانسل
232,7,دانلود فیلیمو ایرانسل,450,2020-10-01,ایرانسل
233,8,لغو تمدید خودکار بسته اینترنت ایرانسل,250,2020-10-01,ایرانسل
234,9,آسیاتک,200,2020-10-01,ایرانسل
235,10,لغو تمدید خودکار اینترنت ایرانسل,160,2020-10-01,ایرانسل
236,11,گرفتن بسته اینترنت ایرانسل,130,2020-10-01,ایرانسل
237,12,کد پیشواز ایرانسل عاشقانه,100,2020-10-01,ایرانسل
238,13,چگونه آهنگ پیشواز ایرانسل را حذف کنیم,90,2020-10-01,ایرانسل
239,14,کد موجودی اینترنت ایرانسل,90,2020-10-01,ایرانسل
240,15,دانلود اپلیکیشن ایرانسل من,80,2020-10-01,ایرانسل
241,16,کداهنگ پیشوازایرانسل,80,2020-10-01,ایرانسل
242,17,ایران خودرو,70,2020-10-01,ایرانسل
243,18,تغییر آهنگ پیشواز ایرانسل,70,2020-10-01,ایرانسل
244,19,کیف پول دیجیتال ایرانسل چیست,70,2020-10-01,ایرانسل
245,20,قیمت طلا,70,2020-10-01,ایرانسل
246,21,ارتباط با ایرانسل,70,2020-10-01,ایرانسل
247,22,باقیمانده حجم اینترنت ایرانسل,60,2020-10-01,ایرانسل
248,23,دانلود ایرانسل من با لینک مستقیم,60,2020-10-01,ایرانسل
249,24,کد دوشنبه سوری ایرانسل,60,2020-10-01,ایرانسل
250,0,ترفند انتقال شارژ همراه اول به ایرانسل,10100,2020-11-01,ایرانسل
251,1,شماره اپراتور ایرانسل جدید,5500,2020-11-01,ایرانسل
252,2,اینترنت دانش آموزی ایرانسل,450,2020-11-01,ایرانسل
253,3,فعال سازی اینترنت دانش اموزی ایرانسل,300,2020-11-01,ایرانسل
254,4,5 گیگ اینترنت ایرانسل رایگان,300,2020-11-01,ایرانسل
255,5,نسخه پیشرفته وب اپلیکیشن ایرانسل من,200,2020-11-01,ایرانسل
256,6,کد شارژ اضطراری همراه اول,180,2020-11-01,ایرانسل
257,7,خط رند ایرانسل,150,2020-11-01,ایرانسل
258,8,کد فعالسازی اینترنت ایرانسل,140,2020-11-01,ایرانسل
259,9,انتقال مالکیت سیم کارت ایرانسل,120,2020-11-01,ایرانسل
260,10,کد اینترنت دانش آموزی ایرانسل,110,2020-11-01,ایرانسل
261,11,چگونه شاد را رایگان کنیم ایرانسل,110,2020-11-01,ایرانسل
262,12,طریقه انتقال شارژ ایرانسل,100,2020-11-01,ایرانسل
263,13,digikala,90,2020-11-01,ایرانسل
264,14,قطع پیامک تبلیغاتی ایرانسل,90,2020-11-01,ایرانسل
265,15,my.irancell.ir,90,2020-11-01,ایرانسل
266,16,بسته های مودم ایرانسل,90,2020-11-01,ایرانسل
267,17,مودم مبین نت,90,2020-11-01,ایرانسل
268,18,غیر فعال سازی رومینگ ایرانسل,80,2020-11-01,ایرانسل
269,19,نماوا,80,2020-11-01,ایرانسل
270,20,کد خط به خط ایرانسل,80,2020-11-01,ایرانسل
271,21,طرح مکالمه ایرانسل,80,2020-11-01,ایرانسل
272,22,دانلود برنامه مای ایرانسل,80,2020-11-01,ایرانسل
273,23,گرفتن اینترنت رایگان ایرانسل,80,2020-11-01,ایرانسل
274,24,مودم های ایرانسل,70,2020-11-01,ایرانسل
275,0,سجام,32400,2020-12-01,ایرانسل
276,1,هدیه شب یلدا ایرانسل,29400,2020-12-01,ایرانسل
277,2,اینترنت رایگان ایرانسل شب یلدا,19550,2020-12-01,ایرانسل
278,3,سامانه سجام,10250,2020-12-01,ایرانسل
279,4,شارژ وایمکس ایرانسل,8050,2020-12-01,ایرانسل
280,5,دانلود ایرانسل من برای آیفون,5850,2020-12-01,ایرانسل
281,6,دیوار تهران,4850,2020-12-01,ایرانسل
282,7,اینترنت ثابت ایرانسل چیست,4850,2020-12-01,ایرانسل
283,8,هدیه ایرانسل برای شب یلدا ۹۹,3900,2020-12-01,ایرانسل
284,9,فال حافظ,3250,2020-12-01,ایرانسل
285,10,فعال سازی volte ایرانسل,300,2020-12-01,ایرانسل
286,11,تنظیمات دستی اینترنت ایرانسل,250,2020-12-01,ایرانسل
287,12,irancell.ir,160,2020-12-01,ایرانسل
288,13,کد رایگان شدن شاد ایرانسل,140,2020-12-01,ایرانسل
289,14,تاریخ امروز,140,2020-12-01,ایرانسل
290,15,بسته های نامحدود ایرانسل,120,2020-12-01,ایرانسل
291,16,سوزاندن سیم کارت ایرانسل,120,2020-12-01,ایرانسل
292,17,آبوهوا,120,2020-12-01,ایرانسل
293,18,نرم افزار ایرانسل من,110,2020-12-01,ایرانسل
294,19,بسته نامحدود ایرانسل,100,2020-12-01,ایرانسل
295,20,کد غیر فعال سازی رومینگ ایرانسل,100,2020-12-01,ایرانسل
296,21,فروشگاه اینترنتی ایرانسل,100,2020-12-01,ایرانسل
297,22,کد بسته نامحدود ایرانسل,100,2020-12-01,ایرانسل
298,23,چگونه پیشواز ایرانسل را حذف کنیم,100,2020-12-01,ایرانسل
299,24,دانلود لنز ایرانسل,90,2020-12-01,ایرانسل
300,0,هدیه دهه فجر ایرانسل,79250,2021-01-01,ایرانسل
301,1,اینترنت هدیه دهه فجر ایرانسل,34000,2021-01-01,ایرانسل
302,2,اینترنت رایگان دهه فجر ایرانسل,33350,2021-01-01,ایرانسل
303,3,کد هدیه دهه فجر ایرانسل,22700,2021-01-01,ایرانسل
304,4,هدیه ایرانسل برای دهه فجر,17150,2021-01-01,ایرانسل
305,5,کد اینترنت رایگان ایرانسل به مناسبت دهه فجر,7550,2021-01-01,ایرانسل
306,6,تکان شگفت انگیز ایرانسل من,6850,2021-01-01,ایرانسل
307,7,کد 50 گیگ اینترنت رایگان ایرانسل,4600,2021-01-01,ایرانسل
308,8,چگونه شارژ ایرانسل را وارد کنیم,1050,2021-01-01,ایرانسل
309,9,کد اینترنت دهه فجر ایرانسل,800,2021-01-01,ایرانسل
310,10,دانلود چارخونه ایرانسل,250,2021-01-01,ایرانسل
311,11,irancell man,200,2021-01-01,ایرانسل
312,12,سیمکارت رایگان رایتل,170,2021-01-01,ایرانسل
313,13,کد موجودی اینترنت ایرانسل,150,2021-01-01,ایرانسل
314,14,ایرانسل من نسخه قدیمی,150,2021-01-01,ایرانسل
315,15,دانلود اپلیکیشن ایرانسل من,140,2021-01-01,ایرانسل
316,16,كد وارد كردن رمز شارژ ایرانسل,140,2021-01-01,ایرانسل
317,17,کد مانده شارژ ایرانسل,130,2021-01-01,ایرانسل
318,18,خرید بسته مکالمه ایرانسل,100,2021-01-01,ایرانسل
319,19,اینترنت هدیه ایرانسل,80,2021-01-01,ایرانسل
320,20,چارخونه ایرانسل,80,2021-01-01,ایرانسل
321,21,کد ایرانسل برای موجودی اینترنت,70,2021-01-01,ایرانسل
322,22,کد موجودی ایرانسل,60,2021-01-01,ایرانسل
323,23,خرید خط ایرانسل,60,2021-01-01,ایرانسل
324,24,انتقال مالکیت سیم کارت ایرانسل,60,2021-01-01,ایرانسل
325,0,اینترنت دانشجویی ایرانسل,23550,2021-02-01,ایرانسل
326,1,خرید شارژ ایرانسل بدون مالیات,17550,2021-02-01,ایرانسل
327,2,بسته های ساعتی ایرانسل,16650,2021-02-01,ایرانسل
328,3,چرا اینترنت ایرانسل وصل نمیشه,12000,2021-02-01,ایرانسل
329,4,تنظیمات اینترنت ایرانسل ایفون,6800,2021-02-01,ایرانسل
330,5,هدیه ۴۲ گیگابایتی ایرانسل,5300,2021-02-01,ایرانسل
331,6,کد اینترنت دهه فجر ایرانسل,400,2021-02-01,ایرانسل
332,7,کد اینترنت رایگان دهه فجر ایرانسل,400,2021-02-01,ایرانسل
333,8,اینترنت ساعتی ایرانسل,350,2021-02-01,ایرانسل
334,9,5 گیگ اینترنت ایرانسل رایگان,350,2021-02-01,ایرانسل
335,10,تکان شگفت انگیز ایرانسل من,350,2021-02-01,ایرانسل
336,11,خرید بهترین بسته اینترنت ایرانسل,350,2021-02-01,ایرانسل
337,12,اینترنت دهه فجر ایرانسل,300,2021-02-01,ایرانسل
338,13,کد شارژ اضطراری ایرانسل رایگان,250,2021-02-01,ایرانسل
339,14,کد دریافت تنظیمات اینترنت ایرانسل,250,2021-02-01,ایرانسل
340,15,اینترنت هدیه ایرانسل دهه فجر,250,2021-02-01,ایرانسل
341,16,هدیه ایرانسل دهه فجر,250,2021-02-01,ایرانسل
342,17,هدیه ایرانسل برای دهه فجر,250,2021-02-01,ایرانسل
343,18,192.168.l.l,250,2021-02-01,ایرانسل
344,19,کد بسته ساعتی ایرانسل,200,2021-02-01,ایرانسل
345,20,digikala,190,2021-02-01,ایرانسل
346,21,اینترنت رایگان ایرانسل دهه فجر,180,2021-02-01,ایرانسل
347,22,کد اینترنت رایگان ایرانسل به مناسبت دهه فجر,160,2021-02-01,ایرانسل
348,23,فروشگاه اینترنتی ایرانسل,130,2021-02-01,ایرانسل
349,24,نت نامحدود ایرانسل,120,2021-02-01,ایرانسل
350,0,عیدی ایرانسل,280800,2021-03-01,ایرانسل
351,1,عیدانه ایرانسل,133100,2021-03-01,ایرانسل
352,2,کد عیدی ایرانسل,93600,2021-03-01,ایرانسل
353,3,عیدی ایرانسل ۱۴۰۰,92950,2021-03-01,ایرانسل
354,4,هدیه نوروزی ایرانسل,52550,2021-03-01,ایرانسل
355,5,عیدانه ایرانسل ۱۴۰۰,39400,2021-03-01,ایرانسل
356,6,اینترنت عیدی ایرانسل,33150,2021-03-01,ایرانسل
357,7,کد عیدانه ایرانسل,30350,2021-03-01,ایرانسل
358,8,هدیه نیمه شعبان ایرانسل,23900,2021-03-01,ایرانسل
359,9,کد عیدی همراه اول,21550,2021-03-01,ایرانسل
360,10,بسته عیدانه ایرانسل,20400,2021-03-01,ایرانسل
361,11,هدیه ایرانسل نوروز 1400,17050,2021-03-01,ایرانسل
362,12,هدیه ایرانسل به مناسبت مبعث,14700,2021-03-01,ایرانسل
363,13,هدیه ایرانسل برای عید نوروز,13700,2021-03-01,ایرانسل
364,14,کد عیدی ایرانسل 1400,12000,2021-03-01,ایرانسل
365,15,هدیه عید مبعث ایرانسل,12000,2021-03-01,ایرانسل
366,16,شیپور,8250,2021-03-01,ایرانسل
367,17,کد عیدانه ایرانسل ۱۴۰۰,7900,2021-03-01,ایرانسل
368,18,اینترنت رایگان عید نوروز 1400 ایرانسل,7650,2021-03-01,ایرانسل
369,19,کد عیدانه ایرانسل 1400,6800,2021-03-01,ایرانسل
370,20,شارژ شگفت انگیز ایرانسل,3800,2021-03-01,ایرانسل
371,21,عیدی همراه اول,2250,2021-03-01,ایرانسل
372,22,کد عیدی ایرانسل ۱۴۰۰,900,2021-03-01,ایرانسل
373,23,کد اینترنت رایگان ایرانسل ۱۴۰۰,550,2021-03-01,ایرانسل
374,24,فعال سازی ۲۰ گیگ اینترنت رایگان ایرانسل,250,2021-03-01,ایرانسل
375,0,هدیه ماه رمضان ایرانسل,49100,2021-04-01,ایرانسل
376,1,دانلود ایرانسل من با لینک مستقیم ios,9850,2021-04-01,ایرانسل
377,2,هدیه ایرانسل به مناسبت ماه رمضان,9050,2021-04-01,ایرانسل
378,3,خرید سیم کارت ایرانسل تحویل درب منزل,6600,2021-04-01,ایرانسل
379,4,حذف پیام های تبلیغاتی ایرانسل,6100,2021-04-01,ایرانسل
380,5,برای اطلاع از باقیمانده اینترنت ایرانسل,5850,2021-04-01,ایرانسل
381,6,چگونه سرعت اینترنت ایرانسل را افزایش دهیم,4500,2021-04-01,ایرانسل
382,7,پرداخت قبض موبایل ایرانسل,400,2021-04-01,ایرانسل
383,8,برنامه ی ایرانسل من,350,2021-04-01,ایرانسل
384,9,قطع آهنگ پیشواز ایرانسل,200,2021-04-01,ایرانسل
385,10,قیمت سیمکارت ایرانسل,190,2021-04-01,ایرانسل
386,11,استخدام ایرانسل,160,2021-04-01,ایرانسل
387,12,استعلام شماره سیم کارت ایرانسل,160,2021-04-01,ایرانسل
388,13,کد شارژ اضطراری همراه اول,130,2021-04-01,ایرانسل
389,14,وب میل ایرانسل,120,2021-04-01,ایرانسل
390,15,رمز شارژ اضطراری ایرانسل,110,2021-04-01,ایرانسل
391,16,افزایش سرعت اینترنت ایرانسل,100,2021-04-01,ایرانسل
392,17,ایران خودرو,90,2021-04-01,ایرانسل
393,18,مبین نت,80,2021-04-01,ایرانسل
394,19,قیمت طلا,80,2021-04-01,ایرانسل
395,20,رومینگ ایرانسل,80,2021-04-01,ایرانسل
396,21,تماس با ایرانسل,80,2021-04-01,ایرانسل
397,22,8 گیگ اینترنت رایگان ایرانسل,70,2021-04-01,ایرانسل
398,23,وایمکس ایرانسل,70,2021-04-01,ایرانسل
399,24,کد ایرانسل برای موجودی اینترنت,70,2021-04-01,ایرانسل
400,0,اینترنت رایگان انتخابات,69500,2021-05-01,ایرانسل
401,1,اینترنت رایگان انتخابات ایرانسل,67550,2021-05-01,ایرانسل
402,2,هدیه اینترنت انتخابات ایرانسل,29950,2021-05-01,ایرانسل
403,3,اینترنت رایگان انتخاباتی ایرانسل,25950,2021-05-01,ایرانسل
404,4,بسته اینترنت انتخابات ایرانسل,21850,2021-05-01,ایرانسل
405,5,هدیه اینترنت انتخابات,21000,2021-05-01,ایرانسل
406,6,ictgifts.ir,9300,2021-05-01,ایرانسل
407,7,هدیه ایرانسل برای عید فطر,9200,2021-05-01,ایرانسل
408,8,7 گیگ اینترنت رایگان ایرانسل,8950,2021-05-01,ایرانسل
409,9,اینترنت رایگان ایرانسل برای کرونا,7150,2021-05-01,ایرانسل
410,10,خرید شارژ ایرانسل برای دیگران,5550,2021-05-01,ایرانسل
411,11,دیوار تهران,4550,2021-05-01,ایرانسل
412,12,هدیه انتخابات ایرانسل,1900,2021-05-01,ایرانسل
413,13,دانلود چارخونه ایرانسل,300,2021-05-01,ایرانسل
414,14,دو گیگ اینترنت رایگان ایرانسل,300,2021-05-01,ایرانسل
415,15,کد نت رایگان ایرانسل,250,2021-05-01,ایرانسل
416,16,حذف اهنگ پیشواز از ایرانسل من,250,2021-05-01,ایرانسل
417,17,کد فعالسازی اینترنت ایرانسل,200,2021-05-01,ایرانسل
418,18,تاریخ امروز,160,2021-05-01,ایرانسل
419,19,حذف پیامک تبلیغاتی ایرانسل,130,2021-05-01,ایرانسل
420,20,چرا اینترنت ایرانسل وصل نمیشه,130,2021-05-01,ایرانسل
421,21,وارد كردن رمز شارژ ایرانسل,120,2021-05-01,ایرانسل
422,22,برنامه ی ایرانسل من,110,2021-05-01,ایرانسل
423,23,آهنگ پیشواز ایرانسل محسن لرستانی,110,2021-05-01,ایرانسل
424,24,کد اینترنت ساعتی ایرانسل,110,2021-05-01,ایرانسل
425,0,کد فهمیدن شماره ایرانسل,14100,2021-06-01,ایرانسل
426,1,کد پیشواز ایرانسل لاتی,10550,2021-06-01,ایرانسل
427,2,امروز چندمه,10550,2021-06-01,ایرانسل
428,3,دانلود مای ایرانسل با لینک مستقیم,6000,2021-06-01,ایرانسل
429,4,کد رایگان شدن روبیکا برای خط ایرانسل,4000,2021-06-01,ایرانسل
430,5,فیلتر شکن برای پابجی ایرانسل,2550,2021-06-01,ایرانسل
431,6,کد لغو پیامک های تبلیغاتی ایرانسل,250,2021-06-01,ایرانسل
432,7,کد مانده شارژ ایرانسل,200,2021-06-01,ایرانسل
433,8,کد قطع تبلیغات ایرانسل,150,2021-06-01,ایرانسل
434,9,بسته های اینترنت همراه اول,130,2021-06-01,ایرانسل
435,10,کد بسته مکالمه ایرانسل,130,2021-06-01,ایرانسل
436,11,بسته های ارزان اینترنت ایرانسل,90,2021-06-01,ایرانسل
437,12,خرید سیم کارت ایرانسل با شماره دلخواه,90,2021-06-01,ایرانسل
438,13,تست سرعت اینترنت,90,2021-06-01,ایرانسل
439,14,خدمات ایرانسل اینترنت,90,2021-06-01,ایرانسل
440,15,مودم همراه اول,80,2021-06-01,ایرانسل
441,16,اسنپ,80,2021-06-01,ایرانسل
442,17,فعال سازی ۲۰ گیگ اینترنت رایگان ایرانسل,80,2021-06-01,ایرانسل
443,18,تغییر مالکیت سیم کارت ایرانسل,70,2021-06-01,ایرانسل
444,19,خرید اینترنت ایرانسل برای دیگران,70,2021-06-01,ایرانسل
445,20,دفتر خدمات ایرانسل,70,2021-06-01,ایرانسل
446,21,کد مکالمه رایگان ایرانسل,70,2021-06-01,ایرانسل
447,22,بانک ملی,70,2021-06-01,ایرانسل
448,23,نتایج زنده,70,2021-06-01,ایرانسل
449,24,خرید سیم کارت همراه اول,70,2021-06-01,ایرانسل
450,0,هدیه ایرانسل برای عید قربان,16900,2021-07-01,ایرانسل
451,1,ورود به سایت ایرانسل,14750,2021-07-01,ایرانسل
452,2,اینترنت ثابت ایرانسل چیست,9450,2021-07-01,ایرانسل
453,3,سوپر اپلیکیشن ایرانسل من,7600,2021-07-01,ایرانسل
454,4,نحوه وارد کردن شارژ ایرانسل,7450,2021-07-01,ایرانسل
455,5,8 گیگ اینترنت رایگان ایرانسل,5150,2021-07-01,ایرانسل
456,6,جدول لیگ برتر,4850,2021-07-01,ایرانسل
457,7,پرداخت قبض همراه اول,3800,2021-07-01,ایرانسل
458,8,کد لغو تمدید خودکار اینترنت ایرانسل,2700,2021-07-01,ایرانسل
459,9,irancell man,300,2021-07-01,ایرانسل
460,10,my irancell,300,2021-07-01,ایرانسل
461,11,دریافت قبض ایرانسل,300,2021-07-01,ایرانسل
462,12,همتا,200,2021-07-01,ایرانسل
463,13,ایرانسل من ایفون,180,2021-07-01,ایرانسل
464,14,کد باقیمانده حجم اینترنت ایرانسل,170,2021-07-01,ایرانسل
465,15,کد درخواست شارژ ایرانسل,170,2021-07-01,ایرانسل
466,16,نتایج زنده,150,2021-07-01,ایرانسل
467,17,دانلود ایرانسل من برای ایفون,140,2021-07-01,ایرانسل
468,18,خرید بسته مودم ایرانسل,140,2021-07-01,ایرانسل
469,19,ایرانسل من برای ایفون,140,2021-07-01,ایرانسل
470,20,irancell,130,2021-07-01,ایرانسل
471,21,هدیه روز تولد ایرانسل,130,2021-07-01,ایرانسل
472,22,کد خط به خط ایرانسل,130,2021-07-01,ایرانسل
473,23,فعال کردن اینترنت ایرانسل,100,2021-07-01,ایرانسل
474,24,بسته شبانه ایرانسل,90,2021-07-01,ایرانسل
475,0,192.168.l.l,10950,2021-08-01,ایرانسل
476,1,irancel,7250,2021-08-01,ایرانسل
477,2,ورزش3,4450,2021-08-01,ایرانسل
478,3,پیشواز محرم ایرانسل,1350,2021-08-01,ایرانسل
479,4,کد پیشواز ایرانسل محرم,1300,2021-08-01,ایرانسل
480,5,کد آهنگ پیشواز ایرانسل محرم,1100,2021-08-01,ایرانسل
481,6,اهنگ پیشواز محرم ایرانسل,1000,2021-08-01,ایرانسل
482,7,آهنگ پیشواز محرم ایرانسل,950,2021-08-01,ایرانسل
483,8,آهنگ پیشواز مداحی ایرانسل,350,2021-08-01,ایرانسل
484,9,varzesh3,250,2021-08-01,ایرانسل
485,10,8 گیگ اینترنت رایگان ایرانسل,170,2021-08-01,ایرانسل
486,11,شارژ وایمکس ایرانسل,160,2021-08-01,ایرانسل
487,12,نمایندگی ایرانسل در تهران,120,2021-08-01,ایرانسل
488,13,خرید بسته مکالمه ایرانسل,100,2021-08-01,ایرانسل
489,14,کد رایگان شدن روبیکا برای خط ایرانسل,100,2021-08-01,ایرانسل
490,15,رفع مسدودی سیم کارت ایرانسل,90,2021-08-01,ایرانسل
491,16,کد دریافت تنظیمات اینترنت ایرانسل,90,2021-08-01,ایرانسل
492,17,طریقه انتقال شارژ ایرانسل,80,2021-08-01,ایرانسل
493,18,استعلام مانده اینترنت ایرانسل,80,2021-08-01,ایرانسل
494,19,کد باقی مانده اینترنت ایرانسل,70,2021-08-01,ایرانسل
495,20,لغو بسته اینترنت ایرانسل,70,2021-08-01,ایرانسل
496,21,دانلود بازار,60,2021-08-01,ایرانسل
497,22,کد موجودی اینترنت ایرانسل,60,2021-08-01,ایرانسل
498,23,کد لغو آهنگ پیشواز ایرانسل,60,2021-08-01,ایرانسل
499,24,کد شارژ رایگان ایرانسل,60,2021-08-01,ایرانسل
500,0,ترفند انتقال شارژ همراه اول به ایرانسل,17750,2021-09-01,ایرانسل
501,1,لغو شارژ اضطراری ایرانسل,10800,2021-09-01,ایرانسل
502,2,کد رایگان شدن شاد ایرانسل,10000,2021-09-01,ایرانسل
503,3,ورزش۳,6650,2021-09-01,ایرانسل
504,4,بسته های ارزان اینترنت ایرانسل,6400,2021-09-01,ایرانسل
505,5,کد ایرانسل برای موجودی اینترنت,5900,2021-09-01,ایرانسل
506,6,کدهای دستوری ایرانسل,5850,2021-09-01,ایرانسل
507,7,واتساپ وب,5550,2021-09-01,ایرانسل
508,8,ابلاغیه الکترونیکی,4100,2021-09-01,ایرانسل
509,9,کد رایگان شدن روبیکا برای خط ایرانسل,3300,2021-09-01,ایرانسل
510,10,استعلام مانده حساب ایرانسل,3050,2021-09-01,ایرانسل
511,11,اینترنت رایگان شاد ایرانسل,850,2021-09-01,ایرانسل
512,12,سیم کارت دانش آموزی ایرانسل,450,2021-09-01,ایرانسل
513,13,اینترنت شاد ایرانسل,350,2021-09-01,ایرانسل
514,14,اینترنت دانش آموزی ایرانسل,350,2021-09-01,ایرانسل
515,15,کد پیشواز ایرانسل لاتی,300,2021-09-01,ایرانسل
516,16,شاد,200,2021-09-01,ایرانسل
517,17,قیمت طلا,200,2021-09-01,ایرانسل
518,18,بهترین مودم ایرانسل,190,2021-09-01,ایرانسل
519,19,کد دوشنبه سوری ایرانسل,180,2021-09-01,ایرانسل
520,20,رمز شارژ اضطراری ایرانسل,150,2021-09-01,ایرانسل
521,21,گوگل ترجمه,140,2021-09-01,ایرانسل
522,22,نصب برنامه ایرانسل من,130,2021-09-01,ایرانسل
523,23,کد اعتبار ایرانسل,120,2021-09-01,ایرانسل
524,24,اطلاع از بسته اینترنت ایرانسل,120,2021-09-01,ایرانسل
525,0,دانلود آهنگ نیستش قابل دسترس عین خط ایرانسل,19250,2021-10-01,ایرانسل
526,1,بانک ملی,18050,2021-10-01,ایرانسل
527,2,کدهای دستوری ایرانسل,13750,2021-10-01,ایرانسل
528,3,روش پرداخت قبض ایرانسل,7700,2021-10-01,ایرانسل
529,4,دانلود ایرانسل من با لینک مستقیم ios,7600,2021-10-01,ایرانسل
530,5,10 گیگ اینترنت رایگان ایرانسل,5500,2021-10-01,ایرانسل
531,6,كد وارد كردن رمز شارژ ایرانسل,5350,2021-10-01,ایرانسل
532,7,تاریخ امروز,5300,2021-10-01,ایرانسل
533,8,هدیه ایرانسل به مناسبت ۱۵ سالگی,5250,2021-10-01,ایرانسل
534,9,چگونه شارژ ایرانسل را انتقال دهیم,4650,2021-10-01,ایرانسل
535,10,ایرانسل مدل mf810,3850,2021-10-01,ایرانسل
536,11,اهنگ عین خط ایرانسل,450,2021-10-01,ایرانسل
537,12,اهنگ نیستش قابل دسترس عین خط ایرانسل,400,2021-10-01,ایرانسل
538,13,نیستش قابل دسترس عین خط ایرانسل,400,2021-10-01,ایرانسل
539,14,آهنگ خط ایرانسل به پول باباش مینازه,400,2021-10-01,ایرانسل
540,15,کد دریافت تنظیمات اینترنت ایرانسل,350,2021-10-01,ایرانسل
541,16,آهنگ نیستش قابل دسترس عین خط ایرانسل,250,2021-10-01,ایرانسل
542,17,چرا ایرانسل من باز نمیشه,250,2021-10-01,ایرانسل
543,18,برنامه لنز ایرانسل,200,2021-10-01,ایرانسل
544,19,دانلود بازار,190,2021-10-01,ایرانسل
545,20,سلب امتیاز سیم کارت ایرانسل,170,2021-10-01,ایرانسل
546,21,0993 ایرانسل است یا همراه اول,160,2021-10-01,ایرانسل
547,22,ورزش۳,160,2021-10-01,ایرانسل
548,23,دانلود اهنگ خط ایرانسل به پول باباش مینازه,140,2021-10-01,ایرانسل
549,24,اینترنت دانشجویی,130,2021-10-01,ایرانسل
550,0,تنظیمات اینترنت ایرانسل ایفون,10400,2021-11-01,ایرانسل
551,1,تست سرعت اینترنت ایرانسل,8750,2021-11-01,ایرانسل
552,2,کد لغو شارژ اضطراری خودکار ایرانسل,7750,2021-11-01,ایرانسل
553,3,بروزرسانی ایرانسل من,6700,2021-11-01,ایرانسل
554,4,مترجم گوگل,6400,2021-11-01,ایرانسل
555,5,فروشگاه همراه اول,4750,2021-11-01,ایرانسل
556,6,باتری مودم ایرانسل m60,3850,2021-11-01,ایرانسل
557,7,digikala,3550,2021-11-01,ایرانسل
558,8,خرید بسته اینترنت ایرانسل برای دیگران,300,2021-11-01,ایرانسل
559,9,صورتحساب ایرانسل,250,2021-11-01,ایرانسل
560,10,فعالسازی سیم کارت ایرانسل,200,2021-11-01,ایرانسل
561,11,8 گیگ اینترنت رایگان ایرانسل,200,2021-11-01,ایرانسل
562,12,دانلود چارخونه ایرانسل,180,2021-11-01,ایرانسل
563,13,استعلام اینترنت همراه اول,170,2021-11-01,ایرانسل
564,14,خرید بسته مودم ایرانسل,160,2021-11-01,ایرانسل
565,15,افزایش سرعت اینترنت ایرانسل,160,2021-11-01,ایرانسل
566,16,192.168.1.1,150,2021-11-01,ایرانسل
567,17,کد حذف تبلیغات ایرانسل,150,2021-11-01,ایرانسل
568,18,رمز بسته اینترنت ایرانسل,120,2021-11-01,ایرانسل
569,19,کد لغو تبلیغات ایرانسل,120,2021-11-01,ایرانسل
570,20,حذف تبلیغات ایرانسل,100,2021-11-01,ایرانسل
571,21,کد پیشواز ایرانسل لاتی,100,2021-11-01,ایرانسل
572,22,قیمت مودم ایرانسل,90,2021-11-01,ایرانسل
573,23,آهنگ پیشواز رایگان ایرانسل,80,2021-11-01,ایرانسل
574,24,سایت همراه اول,80,2021-11-01,ایرانسل
575,0,هدیه شب یلدا ایرانسل,37950,2021-12-01,ایرانسل
576,1,فیلیمو,14700,2021-12-01,ایرانسل
577,2,کد از دسترس خارج شدن ایرانسل,11400,2021-12-01,ایرانسل
578,3,کد پیشواز ایرانسل جدید ۱۴۰۰,9550,2021-12-01,ایرانسل
579,4,پرداخت صورتحساب ایرانسل,7050,2021-12-01,ایرانسل
580,5,بهترین تنظیمات اینترنت ایرانسل,6100,2021-12-01,ایرانسل
581,6,ورزش3,4800,2021-12-01,ایرانسل
582,7,حذف پیامک تبلیغاتی ایرانسل و همراه اول,2750,2021-12-01,ایرانسل
583,8,حذف پیامک تبلیغاتی همراه اول,250,2021-12-01,ایرانسل
584,9,کد قطع تبلیغات ایرانسل,250,2021-12-01,ایرانسل
585,10,حذف اهنگ پیشواز ایرانسل,200,2021-12-01,ایرانسل
586,11,مایکت,200,2021-12-01,ایرانسل
587,12,myirancell,150,2021-12-01,ایرانسل
588,13,تست سرعت اینترنت ایرانسل,150,2021-12-01,ایرانسل
589,14,کد لغو آهنگ پیشواز ایرانسل,130,2021-12-01,ایرانسل
590,15,کد لغو پیامک تبلیغاتی ایرانسل,130,2021-12-01,ایرانسل
591,16,مبین نت,130,2021-12-01,ایرانسل
592,17,خط رند ایرانسل,120,2021-12-01,ایرانسل
593,18,سیم کارت بسته بازگشت ایرانسل,120,2021-12-01,ایرانسل
594,19,اینترنت نامحدود همراه اول,120,2021-12-01,ایرانسل
595,20,سایپا,110,2021-12-01,ایرانسل
596,21,my irancell,100,2021-12-01,ایرانسل
597,22,ثبت نام سیم کارت ایرانسل,100,2021-12-01,ایرانسل
598,23,کد حذف پیشواز ایرانسل,100,2021-12-01,ایرانسل
599,24,کد لغو پیشواز ایرانسل,90,2021-12-01,ایرانسل
600,0,دانلود ایرانسل من با لینک مستقیم ios,10150,2022-01-01,ایرانسل
601,1,کد لغو شارژ اضطراری خودکار ایرانسل,9800,2022-01-01,ایرانسل
602,2,اموزشیار,8200,2022-01-01,ایرانسل
603,3,نسخه پیشرفته وب اپلیکیشن ایرانسل من,5200,2022-01-01,ایرانسل
604,4,چگونه اهنگ پیشواز ایرانسل را برداریم,190,2022-01-01,ایرانسل
605,5,امروز چندمه,190,2022-01-01,ایرانسل
606,6,کد باقی مانده اینترنت ایرانسل,180,2022-01-01,ایرانسل
607,7,هدیه روز مادر ایرانسل,180,2022-01-01,ایرانسل
608,8,ارز دیجیتال,170,2022-01-01,ایرانسل
609,9,ایرانخودرو,160,2022-01-01,ایرانسل
610,10,کد اینترنت رایگان ایرانسل واقعی,150,2022-01-01,ایرانسل
611,11,چرا اینترنت ایرانسل وصل نمیشه,120,2022-01-01,ایرانسل
612,12,استعلام سیم کارت ایرانسل با کد ملی,120,2022-01-01,ایرانسل
613,13,تعویض سیم کارت ایرانسل,110,2022-01-01,ایرانسل
614,14,varzesh3,110,2022-01-01,ایرانسل
615,15,نرم افزار ایرانسل من,100,2022-01-01,ایرانسل
616,16,خرید بسته مکالمه ایرانسل,100,2022-01-01,ایرانسل
617,17,تست سرعت اینترنت ایرانسل,90,2022-01-01,ایرانسل
618,18,خرید شارژ ایرانسل برای دیگران,90,2022-01-01,ایرانسل
619,19,کد باقیمانده اینترنت ایرانسل,80,2022-01-01,ایرانسل
620,20,ترابرد به ایرانسل,80,2022-01-01,ایرانسل
621,21,نصب ایرانسل من برای اولین بار,70,2022-01-01,ایرانسل
622,22,زدن شارژ ایرانسل,70,2022-01-01,ایرانسل
623,23,اینترنت شبانه ایرانسل,70,2022-01-01,ایرانسل
624,24,حذف اهنگ پیشواز از ایرانسل,70,2022-01-01,ایرانسل
625,0,اینترنت رایگان روز پدر ایرانسل,28300,2022-02-01,ایرانسل
626,1,کد هدیه روز پدر ایرانسل,15750,2022-02-01,ایرانسل
627,2,هدیه ایرانسل برای روز پدر,15600,2022-02-01,ایرانسل
628,3,هدیه ایرانسل به مناسبت دهه فجر,8800,2022-02-01,ایرانسل
629,4,خدمات ایرانسل من,8750,2022-02-01,ایرانسل
630,5,دانلود ایرانسل من نسخه جدید,6100,2022-02-01,ایرانسل
631,6,هدیه ایرانسل به مناسبت ۲۲ بهمن,6000,2022-02-01,ایرانسل
632,7,تلوبیون,5650,2022-02-01,ایرانسل
633,8,my.irancell,3050,2022-02-01,ایرانسل
634,9,هدیه روز پدر ایرانسل,1150,2022-02-01,ایرانسل
635,10,اطلاع از باقیمانده شارژ,250,2022-02-01,ایرانسل
636,11,فعال سازی ۳۰ گیگ اینترنت رایگان ایرانسل,200,2022-02-01,ایرانسل
637,12,پرسپولیس,170,2022-02-01,ایرانسل
638,13,سهام عدالت,160,2022-02-01,ایرانسل
639,14,کد بسته مکالمه ایرانسل,150,2022-02-01,ایرانسل
640,15,کد فهمیدن شماره ایرانسل,110,2022-02-01,ایرانسل
641,16,تغییر رمز مودم ایرانسل,90,2022-02-01,ایرانسل
642,17,myirancell,90,2022-02-01,ایرانسل
643,18,هدیه ایرانسل دهه فجر ۱۴۰۰,80,2022-02-01,ایرانسل
644,19,کد فعالسازی 14 گیگ اینترنت هدیه ایرانسل,70,2022-02-01,ایرانسل
645,20,کد فعال سازی 14 گیگ اینترنت رایگان ایرانسل,70,2022-02-01,ایرانسل
646,21,فعالسازی سیم کارت ایرانسل,70,2022-02-01,ایرانسل
647,22,تنظیمات دستی اینترنت ایرانسل,70,2022-02-01,ایرانسل
648,23,موجودی اینترنت ایرانسل,60,2022-02-01,ایرانسل
649,24,صورتحساب ایرانسل,60,2022-02-01,ایرانسل
650,0,عیدی ایرانسل ۱۴۰۱,72450,2022-03-01,ایرانسل
651,1,کد عیدی ایرانسل,54950,2022-03-01,ایرانسل
652,2,هدیه نوروزی ایرانسل,40600,2022-03-01,ایرانسل
653,3,کد عیدی همراه اول,22750,2022-03-01,ایرانسل
654,4,اینترنت عیدانه ایرانسل,18000,2022-03-01,ایرانسل
655,5,هدیه ایرانسل برای عید ۱۴۰۱,17200,2022-03-01,ایرانسل
656,6,کد اینترنت رایگان ایرانسل ۱۴۰۱,16200,2022-03-01,ایرانسل
657,7,عیدی ایرانسل نوروز ۱۴۰۱,13100,2022-03-01,ایرانسل
658,8,اینترنت رایگان ایرانسل برای عید ۱۴۰۱,12500,2022-03-01,ایرانسل
659,9,عیدی همراه اول و ایرانسل,9300,2022-03-01,ایرانسل
660,10,فعال کردن رومینگ ایرانسل,7950,2022-03-01,ایرانسل
661,11,لوگوی جدید ایرانسل,7550,2022-03-01,ایرانسل
662,12,لغو آهنگ پیشواز ایرانسل 7575,5950,2022-03-01,ایرانسل
663,13,لوگو جدید ایرانسل,5700,2022-03-01,ایرانسل
664,14,عیدی ایرانسل,4800,2022-03-01,ایرانسل
665,15,عیدانه ایرانسل,3800,2022-03-01,ایرانسل
666,16,عیدی همراه اول,3450,2022-03-01,ایرانسل
667,17,نت رایگان ایرانسل برای نوروز ۱۴۰۱,2200,2022-03-01,ایرانسل
668,18,هدیه ایرانسل برای عید,1450,2022-03-01,ایرانسل
669,19,اینترنت عیدی ایرانسل,1400,2022-03-01,ایرانسل
670,20,عیدی ایرانسل 1401,950,2022-03-01,ایرانسل
671,21,کد هدیه ایرانسل ۱۴۰۱,600,2022-03-01,ایرانسل
672,22,هدیه نوروزی ایرانسل ۱۴۰۱,450,2022-03-01,ایرانسل
673,23,بسته عیدی ایرانسل,450,2022-03-01,ایرانسل
674,24,تلوبیون,350,2022-03-01,ایرانسل
675,0,بسته یکساله ایرانسل,26800,2022-04-01,ایرانسل
676,1,8 گیگ اینترنت رایگان ایرانسل ۱۴۰۰,2450,2022-04-01,ایرانسل
677,2,اینترنت ثابت ایرانسل چیست,350,2022-04-01,ایرانسل
678,3,تست سرعت اینترنت,300,2022-04-01,ایرانسل
679,4,خرید بسته های اینترنت ایرانسل,300,2022-04-01,ایرانسل
680,5,مودم td lte ایرانسل,200,2022-04-01,ایرانسل
681,6,سایت ایرانسل خرید بسته,200,2022-04-01,ایرانسل
682,7,کد دستوری مانده اینترنت ایرانسل,200,2022-04-01,ایرانسل
683,8,ورزش3,200,2022-04-01,ایرانسل
684,9,کد اهنگ پیشواز ایرانسل شیک,190,2022-04-01,ایرانسل
685,10,بسته اینترنت مودم ایرانسل,180,2022-04-01,ایرانسل
686,11,بسته های اینترنت همراه اول,170,2022-04-01,ایرانسل
687,12,کد مکالمه رایگان ایرانسل ماهانه,160,2022-04-01,ایرانسل
688,13,بسته های همراه اول,150,2022-04-01,ایرانسل
689,14,سایت ایران خودرو,140,2022-04-01,ایرانسل
690,15,خرید بسته اینترنتی ایرانسل,120,2022-04-01,ایرانسل
691,16,ایران خودرو,120,2022-04-01,ایرانسل
692,17,خرید بسته اینترنت ایرانسل برای دیگران,110,2022-04-01,ایرانسل
693,18,خرید بسته اینترنت همراه اول,110,2022-04-01,ایرانسل
694,19,آپارات,110,2022-04-01,ایرانسل
695,20,ایرانسل من ios,100,2022-04-01,ایرانسل
696,21,وام ازدواج,100,2022-04-01,ایرانسل
697,22,اطلاع از باقیمانده شارژ ایرانسل,100,2022-04-01,ایرانسل
698,23,کد جلوگیری از مصرف آزاد اینترنت ایرانسل,90,2022-04-01,ایرانسل
699,24,اینترنت ثابت ایرانسل,90,2022-04-01,ایرانسل
700,0,جدول بسته های اینترنت ایرانسل,5550,2022-05-01,ایرانسل
701,1,جدول لیگ برتر,5400,2022-05-01,ایرانسل
702,2,کد ایرانسل برای موجودی شارژ,5100,2022-05-01,ایرانسل
703,3,ثبت نام کتاب,650,2022-05-01,ایرانسل
704,4,کد لغو تمدید خودکار اینترنت ایرانسل,550,2022-05-01,ایرانسل
705,5,کد شارژ اضطراری ایرانسل ۱۴۰۰,450,2022-05-01,ایرانسل
706,6,خرید بسته اینترنت ایرانسل برای دیگران,250,2022-05-01,ایرانسل
707,7,دانلود ایرانسل من نسخه جدید,190,2022-05-01,ایرانسل
708,8,سلب امتیاز سیم کارت ایرانسل,180,2022-05-01,ایرانسل
709,9,نحوه انتقال شارژ ایرانسل,120,2022-05-01,ایرانسل
710,10,چرا اینترنت ایرانسل وصل نمیشه,110,2022-05-01,ایرانسل
711,11,کد های دستوری ایرانسل,110,2022-05-01,ایرانسل
712,12,کد باقیمانده اینترنت ایرانسل,70,2022-05-01,ایرانسل
713,13,شماره خدمات ایرانسل,70,2022-05-01,ایرانسل
714,14,خرید شارژ ایرانسل برای دیگران,70,2022-05-01,ایرانسل
715,15,عیدی ایرانسل برای عید فطر,70,2022-05-01,ایرانسل
716,16,کد رمز شارژ ایرانسل,60,2022-05-01,ایرانسل
717,17,کد انتقال شارژ همراه اول به ایرانسل,60,2022-05-01,ایرانسل
718,18,لغو پیامک های تبلیغاتی ایرانسل,60,2022-05-01,ایرانسل
719,19,لغو اهنگ پیشواز ایرانسل,50,2022-05-01,ایرانسل
720,20,خرید سیم کارت رایتل,50,2022-05-01,ایرانسل
721,21,کد دستوری خرید اینترنت ایرانسل,50,2022-05-01,ایرانسل
722,22,کدهای دستوری ایرانسل,40,2022-05-01,ایرانسل
723,23,شارژ اضطراری همراه اول,40,2022-05-01,ایرانسل
724,24,تماس با پشتیبانی ایرانسل,40,2022-05-01,ایرانسل
725,0,ایرانسل من برای آیفون,10800,2022-06-01,ایرانسل
726,1,پادا,8300,2022-06-01,ایرانسل
727,2,دانلود برنامه مای ایرانسل,6800,2022-06-01,ایرانسل
728,3,گوگل ترنسلیت,6100,2022-06-01,ایرانسل
729,4,کد جلوگیری از مصرف آزاد اینترنت ایرانسل,5700,2022-06-01,ایرانسل
730,5,سوزاندن سیم کارت ایرانسل با کد ملی,3650,2022-06-01,ایرانسل
731,6,فعال كردن پشت خط ایرانسل,2650,2022-06-01,ایرانسل
732,7,۱۹۲.۱۶۸.۱.۱,600,2022-06-01,ایرانسل
733,8,استعلام سیم کارت ایرانسل با کد ملی,250,2022-06-01,ایرانسل
734,9,کد غیر فعال سازی رومینگ ایرانسل,250,2022-06-01,ایرانسل
735,10,برنامه پیشواز ایرانسل,250,2022-06-01,ایرانسل
736,11,نت شبانه ایرانسل,250,2022-06-01,ایرانسل
737,12,قیمت سیمکارت ایرانسل,200,2022-06-01,ایرانسل
738,13,برداشتن آهنگ پیشواز ایرانسل,200,2022-06-01,ایرانسل
739,14,کد حذف تبلیغات ایرانسل,190,2022-06-01,ایرانسل
740,15,دوشنبه سوری ایرانسل,180,2022-06-01,ایرانسل
741,16,نمایندگی ایرانسل در تهران,180,2022-06-01,ایرانسل
742,17,کد دستوری مانده اینترنت ایرانسل,160,2022-06-01,ایرانسل
743,18,تست سرعت اینترنت,130,2022-06-01,ایرانسل
744,19,بازار,130,2022-06-01,ایرانسل
745,20,اینترنت نامحدود ایرانسل 1 تا 11,120,2022-06-01,ایرانسل
746,21,۱۹۲.۱۶۸.۱.۱ ایرانسل,110,2022-06-01,ایرانسل
747,22,آموزش گرفتن اینترنت رایگان ایرانسل,100,2022-06-01,ایرانسل
748,23,چگونه اهنگ پیشواز ایرانسل را برداریم,80,2022-06-01,ایرانسل
749,24,پرداخت قبض همراه اول,80,2022-06-01,ایرانسل
750,0,اهنگ پیشواز محرم,20700,2022-07-01,ایرانسل
751,1,تارنمای رسمی ایرانسل,2400,2022-07-01,ایرانسل
752,2,پیشواز محرم ایرانسل,1650,2022-07-01,ایرانسل
753,3,قطعی اینترنت ایرانسل,500,2022-07-01,ایرانسل
754,4,علت قطعی اینترنت ایرانسل,170,2022-07-01,ایرانسل
755,5,برنامه ایرانسل من برای ایفون,170,2022-07-01,ایرانسل
756,6,دانلود نسخه وب ایرانسل من,160,2022-07-01,ایرانسل
757,7,کد اینترنت اضطراری ایرانسل,140,2022-07-01,ایرانسل
758,8,دانلود ایرانسل من برای ایفون,130,2022-07-01,ایرانسل
759,9,my irancell,130,2022-07-01,ایرانسل
760,10,پشتیبانی همراه اول,120,2022-07-01,ایرانسل
761,11,myirancell,120,2022-07-01,ایرانسل
762,12,آهنگ پیشواز محرم ایرانسل,120,2022-07-01,ایرانسل
763,13,کد جلوگیری از مصرف آزاد اینترنت ایرانسل,100,2022-07-01,ایرانسل
764,14,10 گیگ اینترنت رایگان ایرانسل,80,2022-07-01,ایرانسل
765,15,خرید شارژ همراه اول,80,2022-07-01,ایرانسل
766,16,سامانه یکپارچه تخصیص خودرو,80,2022-07-01,ایرانسل
767,17,قیمت طلا,70,2022-07-01,ایرانسل
768,18,تغییر مالکیت سیم کارت ایرانسل,70,2022-07-01,ایرانسل
769,19,شماره خدمات ایرانسل,70,2022-07-01,ایرانسل
770,20,ایرانسل من برای ایفون,70,2022-07-01,ایرانسل
771,21,مودم من ایرانسل,70,2022-07-01,ایرانسل
772,22,مودم تی دی ال تی ایرانسل,60,2022-07-01,ایرانسل
773,23,کد فعال سازی 14 گیگ اینترنت رایگان ایرانسل,60,2022-07-01,ایرانسل
774,24,چگونه اهنگ پیشواز ایرانسل را برداریم,60,2022-07-01,ایرانسل
775,0,کد ایرانسل برای موجودی شارژ,4800,2022-08-01,ایرانسل
776,1,ورزش3,2850,2022-08-01,ایرانسل
777,2,کد غیر فعال سازی آهنگ پیشواز ایرانسل,550,2022-08-01,ایرانسل
778,3,قطعی اینترنت ایرانسل,300,2022-08-01,ایرانسل
779,4,غیر فعال سازی آهنگ پیشواز ایرانسل,250,2022-08-01,ایرانسل
780,5,varzesh3,250,2022-08-01,ایرانسل
781,6,امروز چندمه,200,2022-08-01,ایرانسل
782,7,لغو آهنگ پیشواز ایرانسل 7575,170,2022-08-01,ایرانسل
783,8,چگونه آهنگ پیشواز ایرانسل را حذف کنیم,160,2022-08-01,ایرانسل
784,9,کد غیرفعال سازی پیشواز ایرانسل,160,2022-08-01,ایرانسل
785,10,قطع آهنگ پیشواز ایرانسل,150,2022-08-01,ایرانسل
786,11,برای حذف آهنگ پیشواز ایرانسل,150,2022-08-01,ایرانسل
787,12,نصب برنامه ایرانسل من,150,2022-08-01,ایرانسل
788,13,علت قطعی اینترنت ایرانسل,120,2022-08-01,ایرانسل
789,14,نحوه لغو آهنگ پیشواز ایرانسل,110,2022-08-01,ایرانسل
790,15,خرید سیم کارت ایرانسل رایگان,110,2022-08-01,ایرانسل
791,16,نصب ایرانسل من برای اولین بار,110,2022-08-01,ایرانسل
792,17,غیرفعال سازی پیشواز ایرانسل,100,2022-08-01,ایرانسل
793,18,استعلام موجودی ایرانسل,100,2022-08-01,ایرانسل
794,19,فعالسازی سیم کارت ایرانسل,90,2022-08-01,ایرانسل
795,20,حذف پیشواز ایرانسل بدون کد,90,2022-08-01,ایرانسل
796,21,لغو پیشواز ایرانسل,90,2022-08-01,ایرانسل
797,22,برای لغو پیشواز ایرانسل,90,2022-08-01,ایرانسل
798,23,تست سرعت اینترنت,80,2022-08-01,ایرانسل
799,24,غیر فعال سازی پیشواز ایرانسل,80,2022-08-01,ایرانسل
800,0,فیلتر شکن قوی,21700,2022-09-01,ایرانسل
801,1,مهسا امینی,14600,2022-09-01,ایرانسل
802,2,ایرانسل من واسه ایفون,8700,2022-09-01,ایرانسل
803,3,فعال سازی mms ایرانسل,5850,2022-09-01,ایرانسل
804,4,آموزشیار,5450,2022-09-01,ایرانسل
805,5,خرید 0لنا97خلحهچتاد زوپک87,5200,2022-09-01,ایرانسل
806,6,گوگل ترنسلیت,4800,2022-09-01,ایرانسل
807,7,اینترنت رایگان اربعین ایرانسل,1550,2022-09-01,ایرانسل
808,8,فعال کردن رومینگ ایرانسل,900,2022-09-01,ایرانسل
809,9,غیر فعال سازی رومینگ ایرانسل,900,2022-09-01,ایرانسل
810,10,فیلتر شکن,750,2022-09-01,ایرانسل
811,11,فعال سازی رومینگ ایرانسل,650,2022-09-01,ایرانسل
812,12,اینترنت اربعین ایرانسل,650,2022-09-01,ایرانسل
813,13,اینترنت داخلی ایرانسل,450,2022-09-01,ایرانسل
814,14,اینترنت ایرانسل در کربلا,450,2022-09-01,ایرانسل
815,15,هزینه رومینگ ایرانسل در عراق,400,2022-09-01,ایرانسل
816,16,vpn,400,2022-09-01,ایرانسل
817,17,کد غیر فعال سازی رومینگ ایرانسل,350,2022-09-01,ایرانسل
818,18,فعالسازی رومینگ ایرانسل,350,2022-09-01,ایرانسل
819,19,کد فعال سازی 14 گیگ اینترنت رایگان ایرانسل,300,2022-09-01,ایرانسل
820,20,کد رومینگ ایرانسل,250,2022-09-01,ایرانسل
821,21,بسته رومینگ ایرانسل,250,2022-09-01,ایرانسل
822,22,خرید بسته رومینگ ایرانسل,200,2022-09-01,ایرانسل
823,23,رومینگ ایرانسل,200,2022-09-01,ایرانسل
824,24,5 گیگ اینترنت ایرانسل رایگان,190,2022-09-01,ایرانسل
825,0,پرداخت صورتحساب ایرانسل,10250,2022-10-01,ایرانسل
826,1,دانلود ایرانسل من با لینک مستقیم ios,7900,2022-10-01,ایرانسل
827,2,کد غیر فعال سازی شارژ اضطراری ایرانسل,7600,2022-10-01,ایرانسل
828,3,۱۰۰۰ دقیقه مکالمه رایگان ایرانسل,7250,2022-10-01,ایرانسل
829,4,نوبت دهی تعویض پلاک,2300,2022-10-01,ایرانسل
830,5,بهترین فیلتر شکن برای ایرانسل,350,2022-10-01,ایرانسل
831,6,فیلترشکن برای ایرانسل,300,2022-10-01,ایرانسل
832,7,vpn برای ایرانسل,300,2022-10-01,ایرانسل
833,8,۱۹۲.۱۶۸.۱.۱,300,2022-10-01,ایرانسل
834,9,فیلتر شکن برای ایرانسل,250,2022-10-01,ایرانسل
835,10,فعال کردن پشت خطی ایرانسل,250,2022-10-01,ایرانسل
836,11,فیلتر شکن سایفون,250,2022-10-01,ایرانسل
837,12,vpn,190,2022-10-01,ایرانسل
838,13,فیلتر شکن قوی,190,2022-10-01,ایرانسل
839,14,فیلتر شکن,180,2022-10-01,ایرانسل
840,15,فیلتر شکن ایرانسل,180,2022-10-01,ایرانسل
841,16,چگونه اهنگ پیشواز ایرانسل را برداریم,160,2022-10-01,ایرانسل
842,17,دانلود فیلتر شکن,160,2022-10-01,ایرانسل
843,18,فروشگاه اینترنتی ایرانسل,160,2022-10-01,ایرانسل
844,19,انتقال شارژ ایرانسل به ایرانسل بدون رمز,140,2022-10-01,ایرانسل
845,20,ایرانسل من ios,140,2022-10-01,ایرانسل
846,21,تنظیمات اینترنت همراه اول,130,2022-10-01,ایرانسل
847,22,پرداخت قبض تلفن ثابت,130,2022-10-01,ایرانسل
848,23,ایران خودرو,130,2022-10-01,ایرانسل
849,24,کد های دستوری ایرانسل,120,2022-10-01,ایرانسل
850,0,اینترنت رایگان ایرانسل برای جام جهانی,11000,2022-11-01,ایرانسل
851,1,کد لغو دایورت ایرانسل,8450,2022-11-01,ایرانسل
852,2,هدیه ایرانسل برای برد ایران,8350,2022-11-01,ایرانسل
853,3,کد ایرانسل برای موجودی اینترنت,6350,2022-11-01,ایرانسل
854,4,شهر خبر,3200,2022-11-01,ایرانسل
855,5,0993 همراه اول است یا ایرانسل,300,2022-11-01,ایرانسل
856,6,کد ایرانسل برای موجودی شارژ,180,2022-11-01,ایرانسل
857,7,تلوبیون,160,2022-11-01,ایرانسل
858,8,لغو پیامک تبلیغاتی ایرانسل,120,2022-11-01,ایرانسل
859,9,کد مانده شارژ ایرانسل,110,2022-11-01,ایرانسل
860,10,تاریخ امروز,110,2022-11-01,ایرانسل
861,11,اینترنت هدیه ایرانسل,110,2022-11-01,ایرانسل
862,12,رمز شارژ اضطراری ایرانسل,110,2022-11-01,ایرانسل
863,13,استعلام نت ایرانسل,100,2022-11-01,ایرانسل
864,14,۰۹۹۳ همراه اول است یا ایرانسل,100,2022-11-01,ایرانسل
865,15,کد درخواست شارژ ایرانسل,90,2022-11-01,ایرانسل
866,16,ترابرد به ایرانسل,90,2022-11-01,ایرانسل
867,17,کد انتقال شارژ همراه اول,80,2022-11-01,ایرانسل
868,18,ایرانخودرو,80,2022-11-01,ایرانسل
869,19,کد انتقال شارژ همراه اول به ایرانسل,70,2022-11-01,ایرانسل
870,20,فعال سازی سیم کارت ایرانسل,70,2022-11-01,ایرانسل
871,21,کد اهنگ پیشواز ایرانسل شیک,70,2022-11-01,ایرانسل
872,22,خط رند ایرانسل,60,2022-11-01,ایرانسل
873,23,آبوهوا,60,2022-11-01,ایرانسل
874,24,فعالسازی سیم کارت ایرانسل,60,2022-11-01,ایرانسل
875,0,اینترنت رایگان شب یلدا ایرانسل,17050,2022-12-01,ایرانسل
876,1,روش انتقال شارژ ایرانسل,950,2022-12-01,ایرانسل
877,2,هدیه ایرانسل شب یلدا,500,2022-12-01,ایرانسل
878,3,کد بسته های اینترنت ایرانسل ماهانه,350,2022-12-01,ایرانسل
879,4,سایپا,250,2022-12-01,ایرانسل
880,5,سهام عدالت,250,2022-12-01,ایرانسل
881,6,ارتباط با ایرانسل,200,2022-12-01,ایرانسل
882,7,کد لغو تبلیغات ایرانسل,200,2022-12-01,ایرانسل
883,8,کد دوشنبه سوری ایرانسل,180,2022-12-01,ایرانسل
884,9,های وب,130,2022-12-01,ایرانسل
885,10,حذف پیامک تبلیغاتی ایرانسل,100,2022-12-01,ایرانسل
886,11,رایتل من,100,2022-12-01,ایرانسل
887,12,قطع تعرفه آزاد ایرانسل,100,2022-12-01,ایرانسل
888,13,امروز چندمه,90,2022-12-01,ایرانسل
889,14,چگونه اهنگ پیشواز ایرانسل را برداریم,80,2022-12-01,ایرانسل
890,15,رفع مسدودی سیم کارت ایرانسل,70,2022-12-01,ایرانسل
891,16,رمز انتقال شارژ ایرانسل,60,2022-12-01,ایرانسل
892,17,ورزش3,60,2022-12-01,ایرانسل
893,18,چگونه پیشواز ایرانسل را حذف کنیم,60,2022-12-01,ایرانسل
894,19,تنظیمات اینترنت ایرانسل در ایفون,60,2022-12-01,ایرانسل
895,20,انتقال شارژ ایرانسل به ایرانسل بدون رمز,60,2022-12-01,ایرانسل
896,21,شاتل,50,2022-12-01,ایرانسل
897,22,اسنپ,50,2022-12-01,ایرانسل
898,23,حذف پیشواز ایرانسل بدون کد,50,2022-12-01,ایرانسل
899,24,برای لغو آهنگ پیشواز ایرانسل,50,2022-12-01,ایرانسل
900,0,فیلیمو رایگان ایرانسل,30700,2023-01-01,ایرانسل
901,1,روبیکا وب,5900,2023-01-01,ایرانسل
902,2,فیلیمو,1100,2023-01-01,ایرانسل
903,3,فیلیمو ایرانسل,1050,2023-01-01,ایرانسل
904,4,اینترنت رایگان روز مادر ایرانسل,500,2023-01-01,ایرانسل
905,5,حذف تبلیغات ایرانسل,170,2023-01-01,ایرانسل
906,6,کد لغو تمدید خودکار اینترنت ایرانسل,150,2023-01-01,ایرانسل
907,7,فیلتر شکن قوی برای ایرانسل,150,2023-01-01,ایرانسل
908,8,بهترین فیلتر شکن برای ایرانسل,140,2023-01-01,ایرانسل
909,9,شماره خدمات ایرانسل,120,2023-01-01,ایرانسل
910,10,نام های نقطه دستیابی ایرانسل قوی,120,2023-01-01,ایرانسل
911,11,دانلود ایرانسل من نسخه جدید,100,2023-01-01,ایرانسل
912,12,ایتا,100,2023-01-01,ایرانسل
913,13,vpn برای ایرانسل,90,2023-01-01,ایرانسل
914,14,تنظیمات دستی اینترنت ایرانسل,90,2023-01-01,ایرانسل
915,15,ایران خودرو,90,2023-01-01,ایرانسل
916,16,کد دریافت تنظیمات اینترنت ایرانسل,90,2023-01-01,ایرانسل
917,17,ایرانخودرو,90,2023-01-01,ایرانسل
918,18,فیلتر شکن قوی,80,2023-01-01,ایرانسل
919,19,فیلتر شکن ایرانسل قوی,80,2023-01-01,ایرانسل
920,20,ریتم ایرانسل,80,2023-01-01,ایرانسل
921,21,ایرانسل من جدید,80,2023-01-01,ایرانسل
922,22,my irancell,70,2023-01-01,ایرانسل
923,23,نحوه خرید بسته اینترنت ایرانسل,70,2023-01-01,ایرانسل
924,24,کد فعال سازی 14 گیگ اینترنت رایگان ایرانسل,70,2023-01-01,ایرانسل
925,0,اینترنت رایگان ایرانسل دهه فجر,31950,2023-02-01,ایرانسل
926,1,سوپر اپلیکیشن ایرانسل من,9350,2023-02-01,ایرانسل
927,2,هدیه ایرانسل برای روز پدر,6900,2023-02-01,ایرانسل
928,3,رفع مسدودی سیم کارت ایرانسل,6600,2023-02-01,ایرانسل
929,4,امروز چندمه,5150,2023-02-01,ایرانسل
930,5,دانلود ایرانسل من قدیمی,800,2023-02-01,ایرانسل
931,6,ایرانسل من نسخه قدیمی,700,2023-02-01,ایرانسل
932,7,ایرانسل من قدیمی,700,2023-02-01,ایرانسل
933,8,دانلود برنامه ایرانسل من با لینک مستقیم,550,2023-02-01,ایرانسل
934,9,دانلود اپلیکیشن ایرانسل من,550,2023-02-01,ایرانسل
935,10,اینترنت رایگان ایرانسل دهه فجر ۱۴۰۱,450,2023-02-01,ایرانسل
936,11,دانلود نرم افزار ایرانسل من,300,2023-02-01,ایرانسل
937,12,دانلود ایرانسل من 1401,250,2023-02-01,ایرانسل
938,13,کد استعلام مانده اینترنت ایرانسل,250,2023-02-01,ایرانسل
939,14,دانلود ایرانسل من نسخه جدید از بازار,200,2023-02-01,ایرانسل
940,15,اپلیکیشن ایرانسل من,170,2023-02-01,ایرانسل
941,16,دانلود بازار,150,2023-02-01,ایرانسل
942,17,نصب ایرانسل من,140,2023-02-01,ایرانسل
943,18,نسخه وب ایرانسل من,140,2023-02-01,ایرانسل
944,19,دانلود ایرانسل من با لینک مستقیم,140,2023-02-01,ایرانسل
945,20,دانلود ایرانسل من با لینک مستقیم ios,130,2023-02-01,ایرانسل
946,21,ایرانسل من جدید,130,2023-02-01,ایرانسل
947,22,ایرانسل من دانلود مستقیم,120,2023-02-01,ایرانسل
948,23,کد لغو پیامک تبلیغاتی ایرانسل,120,2023-02-01,ایرانسل
949,24,دانلود ایرانسل من نسخه جدید,110,2023-02-01,ایرانسل
950,0,عیدی همراه اول,67150,2023-03-01,ایرانسل
951,1,عیدی ایرانسل ۱۴۰۲,58050,2023-03-01,ایرانسل
952,2,عیدی ایرانسل 1402,41550,2023-03-01,ایرانسل
953,3,عیدانه ایرانسل,39650,2023-03-01,ایرانسل
954,4,اینترنت عیدی ایرانسل,26100,2023-03-01,ایرانسل
955,5,کد عیدی ایرانسل ۱۴۰۲,25950,2023-03-01,ایرانسل
956,6,هدیه نوروزی ایرانسل,25650,2023-03-01,ایرانسل
957,7,کد عیدی همراه اول,19350,2023-03-01,ایرانسل
958,8,هدیه نوروزی ایرانسل ۱۴۰۲,8600,2023-03-01,ایرانسل
959,9,عیدی ایرانسل,6300,2023-03-01,ایرانسل
960,10,کد عیدی ایرانسل,3250,2023-03-01,ایرانسل
961,11,عیدی همراه اول ۱۴۰۲,1000,2023-03-01,ایرانسل
962,12,قیمت دلار امروز,400,2023-03-01,ایرانسل
963,13,کد دوشنبه سوری ایرانسل,300,2023-03-01,ایرانسل
964,14,اینترنت رایگان ایرانسل برای عید ۱۴۰۲,250,2023-03-01,ایرانسل
965,15,ایرانخودرو,170,2023-03-01,ایرانسل
966,16,تنظیم اینترنت ایرانسل,120,2023-03-01,ایرانسل
967,17,حذف تبلیغات ایرانسل,110,2023-03-01,ایرانسل
968,18,رومینگ ایرانسل,110,2023-03-01,ایرانسل
969,19,قیمت دلار,100,2023-03-01,ایرانسل
970,20,دانلود نسخه قدیمی ایرانسل من,100,2023-03-01,ایرانسل
971,21,چگونه شارژ ایرانسل را انتقال دهیم,80,2023-03-01,ایرانسل
972,22,کدهای دستوری ایرانسل,80,2023-03-01,ایرانسل
973,23,کد نت رایگان ایرانسل,80,2023-03-01,ایرانسل
974,24,0993 ایرانسل یا همراه اول,70,2023-03-01,ایرانسل
